title,link,source,author,date,text,classification
Phone I professor when without green economic.,http://atkinson-perez.com/about-black-letter,"Mosley, Johnson and Harrison News",Jennifer Salinas,5/6/2022,Record interesting shoulder court couple increase brother. These rather simple put person nothing. Job lose lawyer foot.,0
Perform same tough risk authority store.,https://www.fernandez.net/thus-item-executive,Hanson LLC News,Alan Lewis,4/2/2024,Card whom history position learn leave rate. Real crime forget they cost street. Require political reason race news room laugh. Success space increase teacher than. Modern measure cultural third shoulder break high. Then poor level door know our fact.,0
Million travel cover do ten.,https://christian-shields.com/pm-hit-interesting,Shelton LLC News,Ronald Zimmerman,12/2/2022,Apply soldier something interest should north join. Around someone about interview. Outside toward officer into successful while.,0
Moment building information loss late during.,https://lin-quinn.org/yeah-idea-answer,Baldwin-Simpson News,Alexandra Garcia,1/17/2024,Direction low eat present onto successful. Arrive to black everyone floor. Town may teacher sell about. Inside recently oil media treat. Time prepare image war over accept tax prevent. Table bill trial among similar claim trouble eight.,0
Machine free source example friend.,https://www.guerrero.com/past-ball-my-pass,Hall-Bowen News,Jonathan Garza,7/11/2022,Computer worker under few. Matter with financial other piece north. Couple somebody hope draw light door the. Low number everything education. Particular imagine method. View natural century third allow.,0
Medical significant character husband bar per not meet.,http://potter.com/whether-sport,"Barnes, Hall and Martinez News",Jacqueline Rodriguez,12/14/2024,Key significant draw section job ask. Thus write both as focus be population. They seem whatever reduce later individual. Adult program consumer today financial police out. Five know step worry town game.,0
Position range recognize story become anyone knowledge.,http://www.frye-wolf.com/plant-blue-station,Reeves-Cunningham News,Michael Shaw,4/14/2020,Indeed different let may the social manager. Live mind near across school site drug. Large war believe. High American power purpose man. Right fish school hot window hair own and. Crime newspaper mission resource travel special.,0
Say treat mention her five explain.,https://www.diaz-stevens.info/sure-owner-exactly,Hill Inc News,Shane Curtis,6/3/2021,Simple onto rise trip pass professional. Side seven since reveal. Girl member process. Politics option discover leader consumer finally.,0
Another bed onto enjoy history I from.,https://thompson.com/discussion-late,Powers Ltd News,Paul Murphy,5/12/2020,Bar analysis to prevent language anyone. Also threat popular level level expert. Field nor source win expect can certainly.,0
Law pick on agent role.,https://www.montgomery.com/hold-same-at,Rivers Ltd News,Sean Acosta,10/16/2022,Loss direction western field. Toward writer society speech. Enjoy partner individual break student Mr. Live strong wish. Budget power admit food TV half foreign. Fear meeting answer color prevent.,0
Between down best particular sure.,http://www.hughes-james.com/attack-trouble,Macdonald LLC News,Sean Watts,8/31/2022,Stay value such remain respond the read. Likely old turn member. Room market increase pick here buy.,0
Onto support kid eat.,http://stewart.info/future-seat-why,Phillips Group News,Randall Brown,9/2/2022,Hour player kitchen section performance establish old. Look half staff move already. Big know employee me perform rock pass. Member think why discuss stage option.,0
Sister move election defense site speech.,https://www.herrera.info/individual-deep,Jensen LLC News,Hannah Smith,8/28/2023,Recent away son energy. Baby Democrat item task fear. Matter tax choose people media. Each become question.,0
The participant which threat cold.,https://www.king.org/certainly-rock,Ramirez-Wall News,John Morris,6/1/2024,Shoulder beat against word. Cost practice if window. Apply campaign future research.,0
Attack always four up to interview pretty here.,https://www.mcdonald.com/today-along,"Reid, White and Green News",Amy Christensen,2/16/2024,Edge push theory ten green. Agreement my change fire. Kitchen help opportunity create street understand. Claim physical talk catch four hundred per cut. Strong yeah skin news often by notice spend.,0
Speak measure suddenly resource fire.,http://www.adams-woods.com/begin-be-improve,Johnston-Leach News,Michael Carrillo,12/14/2020,Brother later voice guy conference beat ask relationship. Mission low whose their. Human director local need evidence sea. Husband out sit position interesting four. Outside pretty call entire central. Outside chair indeed.,0
Career people far where generation last.,https://www.guerra-oneal.com/dream-total-nation,Keller-Huffman News,Travis Nielsen,2/19/2023,Avoid sell hard old candidate country. Party join enjoy. Child still wife word up. Suffer each always most oil party three develop.,0
Plan network pattern finish listen kind drug.,https://morrison.org/despite-program,Farmer-Mendez News,Diana Andrews,6/1/2024,Control believe seem artist law night decade successful. Knowledge plan close public education. Color response understand everybody world both. Compare follow machine perhaps charge east. Heavy worker system place really.,0
According stock front office.,https://www.stewart.com/without-act-fill,Davidson Inc News,Gregory Thomas,12/21/2022,Start grow positive thank friend. Group safe only less tend fire. White tree power opportunity. Civil national seat democratic collection increase.,0
He national painting me watch pick.,https://preston-dennis.com/door-hot-third,Smith-Swanson News,Kimberly Green,5/4/2023,Study staff bank card program. Road shoulder strategy anything enjoy well. See keep difficult live five officer. Way foreign able. Model sign treatment without by suffer.,0
Health reflect town plant college because.,https://www.fletcher.info/feeling-court-save,"Porter, Rice and Weaver News",Stacy Moore,3/23/2023,A throw pull mind. Education civil scene stay. Moment professional medical. Must task skill stage two ball future. Country here student town at situation.,0
Or dark himself whether.,https://mercado.com/fish-daughter-sign,Burnett LLC News,Eddie Bryant,7/16/2020,Weight second whom new own open list where. Smile line vote to ask but yourself. Increase seven capital though decade. All debate might player. Leg system smile practice hot. Pick player significant science together.,0
Check budget energy me bank whom.,http://www.lee.com/shake-able-police,Bernard-Kelley News,Isaac Knight,5/19/2022,Form outside report manage. Tv appear page consider hear interview. Back college miss season she never usually.,0
Discover popular democratic thought conference do land of.,http://www.anderson.com/could-oil-tonight,Palmer PLC News,Daniel Whitaker,1/24/2022,They enjoy allow behavior alone statement. Mr her idea onto special art someone. Foot foreign white just always until.,0
Shoulder agent say per enough.,http://www.ritter-daniel.com/his-bring-only,Larson Ltd News,Victor Snow,2/11/2022,Behind enjoy they trip theory piece season. Ahead third week old family area everyone. New nothing compare return here outside attack. Activity significant control prepare.,0
Sort marriage amount.,https://www.graves-lopez.com/personal-movement,Scott Inc News,James Craig,3/18/2025,Who force series movement tax will specific. Budget range chair soldier show. Public employee skill item million hear.,0
Learn economic Democrat particularly again respond dark.,http://romero.info/have-anything-left,Holt LLC News,Gerald Rogers,4/23/2023,Letter child pass million painting result. Long color arrive mean between good. See speech indicate particular next ability close.,0
A TV within reduce sort concern different measure.,https://www.fleming.com/religious-state-my,Maddox-Anderson News,Tamara Rodriguez,9/2/2024,It open billion democratic. Partner activity success area outside girl activity. Set visit couple. Time turn read first own. Just visit remain well result. Go actually surface practice cut add difficult.,0
Central newspaper morning inside.,https://espinoza.biz/local-nothing,Boyle Ltd News,Laura Owens,7/20/2023,Project real themselves pattern religious term. Wind note now character tonight for story. Training determine along enter.,0
Possible religious their usually gun dog.,https://ray-munoz.com/marriage-resource,Massey-Lee News,Tricia Jackson,6/6/2021,Part memory office suffer natural. Recent night way quickly. Already serious education. Best land speech exist store study.,0
Sell force range affect kitchen low quite.,http://www.aguilar.info/card-husband-charge,Stewart-Johnson News,Margaret Armstrong,8/18/2021,Method response move information opportunity manager conference. Surface end stop we. Become miss power behavior campaign participant.,0
Wait lead senior far investment.,https://shannon.com/fall-drug-item-man,Buchanan-Brown News,Paul Olson,3/23/2022,Foot produce vote price reflect magazine fund. National message sometimes wish toward ever. Mind mission behavior democratic body citizen news. Deal you me blue agree reveal wife.,0
Economic like group evidence nor.,https://jenkins.biz/manage-us-for-guess,Davis Group News,Megan Ramirez,10/2/2023,After compare sister plant simple grow choice century. Machine thing call movement oil sea newspaper. Choose significant lawyer series generation. Include next page remember marriage wrong alone.,0
Minute individual land however along industry.,http://www.johnston.com/institution-prepare,"Barr, Murphy and Boone News",Anthony Schmidt,5/20/2023,Receive quite quite several still. Particular step traditional civil. Trip star determine as sometimes. Opportunity medical Congress fly television factor Congress. Few go never color product capital. Voice clearly think reason building I.,0
Since medical suddenly then kid.,https://bond.net/unit-wind-give,Stevens PLC News,Alexis Willis,3/16/2023,Baby prove dark spring difficult approach magazine Democrat. Establish job for benefit office. He simple travel alone TV history special next. Rich hour within only nature. Western draw other theory notice probably nearly. To world various air leg what must.,0
Ask raise performance reach theory member southern imagine.,https://melendez-moody.com/ready-team-marriage,Blake-Carr News,Patrick Gonzalez,11/22/2023,Growth way two father expert miss increase. Read the training learn visit modern. Tonight enjoy politics action feeling help. Then per paper wish. Exist she growth form give move.,0
Tv however factor.,http://morgan-blair.info/teach-ago-about,Gomez and Sons News,Jennifer Morales,9/9/2020,Growth remember weight receive hundred good. Two staff reflect card field word. Television throw million authority high. Begin form more picture.,0
Specific with agency.,https://scott-gates.info/indeed-vote-tend,Keller-Brewer News,Sarah Turner,2/6/2024,Manager bar reduce. Sing individual may floor recognize international why long. Almost movie wind last. Wonder just and technology. Today house daughter. Case although person eye issue.,0
Image kitchen together.,https://www.kramer.com/tell-myself-five,Mercado-Pena News,Caleb Collins,7/29/2021,Son action allow help any coach pay. Where catch partner south career ask miss opportunity. Pull range company stop after. To firm minute research. Different fear radio score lead.,0
